Metric,Score
Accuracy,0.9977678571428571
Precision,0.9977768941584731
Recall,0.9977678571428571
F1 Score,0.9977673515714149
